{
"result": [
    { "id": 1, "name": "Product 1", "description": "Description 1", "price": 100, "category": "Category 1", "imageUrl": "/1.png", "stockQty": 10, "createdAt": "2025-05-05", "updatedAt": "2025-06-05" },
    { "id": 2, "name": "Product 2", "description": "Description 2", "price": 200, "category": "Category 2", "imageUrl": "/2.png", "stockQty": 20, "createdAt": "2025-05-06", "updatedAt": "2025-06-05" },
    { "id": 3, "name": "Product 3", "description": "Description 3", "price": 300, "category": "Category 3", "imageUrl": "/3.png", "stockQty": 30, "createdAt": "2025-05-08", "updatedAt": "2025-06-05" },
    { "id": 4, "name": "Product 4", "description": "Description 4", "price": 400, "category": "Category 4", "imageUrl": "/2.png", "stockQty": 40, "createdAt": "2025-05-09", "updatedAt": "2025-06-05" }
]
}